{
    "39008": "allocator<T>::allocate(size_t n) 'n' exceeds maximum supported size",
    "40652": "HOOK_PIERCE_dyld_get_image_name",
    "46724": "%s",
    "46764": "v32@?0@\"NSData\"8@\"NSURLResponse\"16@\"NSError\"24",
    "57276": "0123456789abcdefghijklmnopqrstuvwxyz",
    "79236": "E",
    "79396": "P",
    "79436": "/private/var/containers/Bundle/Application/",
    "79636": "T",
    "110264": "509",
    "189600": "stringWithUTF8String:",
    "189640": "stringWithFormat:",
    "189680": "writeToFile:",
    "189720": "NSFileManager",
    "189800": "fileExistsAtPath:isDirectory:",
    "189920": "canOpenURL:",
    "189960": "NSData",
    "190240": "NSFileHandle",
    "190280": "fileHandleForReadingAtPath:",
    "190560": "initWithURL:",
    "190680": "initWithContentsOfURL:error:",
    "190720": "dictionaryWithContentsOfFile:",
    "190760": "dictionaryWithContentsOfURL:error:",
    "190880": "initWithContentsOfFile:usedEncoding:error:",
    "190920": "stringWithContentsOfFile:encoding:error:",
    "191000": "NSDirectoryEnumerator",
    "191120": "writeToFile:atomically:",
    "191160": "writeToURL:atomically:",
    "191280": "CLLocationManager",
    "191320": "startUpdatingLocation",
    "191400": "CLLocation",
    "191600": "identifierForVendor",
    "191640": "ASIdentifierManager",
    "191680": "advertisingIdentifier",
    "191760": "510",
    "202432": "/Applications",
    "202592": "UploadDeviceData",
    "202752": ".",
    "204336": "0123456789abcdef",
    "211236": "%d",
    "221244": "#",
    "229012": "rb",
    "252116": "<Code>",
    "252276": "<data>",
    "252316": "</data>",
    "266292": "AppVersion",
    "266572": "S",
    "266652": "Heartbeat",
    "293656": "1",
    "293696": "/%s",
    "293736": ":",
    "293816": "false",
    "294352": "/usr/lib/system/libsystem_kernel.dylib",
    "294588": "/Applications/TouchElf.app",
    "294748": "/Applications/AutoTouch.app",
    "294788": "/Applications/WinterBoard.app",
    "294988": "/Applications/XGen.app",
    "295268": "/Applications/rwxSaojie.app",
    "295348": "/Applications/Sileo.app",
    "295388": "/Applications/Zebra.app",
    "295428": "/Applications/FakeCarrier.app",
    "295468": "/Applications/Filza.app",
    "295548": "/Applications/IntelliScreen.app",
    "295668": "/Applications/Snoop-itConfig.app",
    "295708": "/Applications/blackra1n.app",
    "295988": "/Library/MobileSubstrate",
    "296028": "/Library/MobileSubstrate/DynamicLibraries",
    "296308": "/usr/lib/substrate/SubstrateInserter.dylib",
    "296428": "/Library/MobileSubstrate/DynamicLibraries/Veency.plist",
    "296468": "/System/Library/LaunchDaemons/com.ikey.bbot.plist",
    "296508": "/System/Library/LaunchDaemons/com.saurik.Cydia.Startup.plist",
    "296628": "/bin/bash",
    "296668": "/etc/apt",
    "296748": "/private/etc/apt",
    "296868": "/private/etc/dpkg/origins/debian",
    "296908": "/private/etc/ssh/sshd_config",
    "297028": "/private/var/mobileLibrary/SBSettingsThemes/",
    "297068": "/private/var/stash",
    "297148": "/usr/bin/cycript",
    "297348": "/usr/libexec/ssh-keysign",
    "297388": "/usr/local/bin/cycript",
    "297428": "/usr/sbin/frida-server",
    "297508": "/var/lib/cydia",
    "297588": "/Applications/Icy.app",
    "297668": "/Applications/RockApp.app",
    "297788": "/pguntether",
    "298228": "/Applications/hdfakerset.app",
    "298268": "/Applications/Pranava.app",
    "298348": "/Applications/HiddenApi.app",
    "298668": "/Applications/007gaiji.app",
    "298708": "/Applications/AXJ.app",
    "298748": "/Applications/BirdFaker.app",
    "298868": "/Library/MobileSubstrate/DynamicLibraries/MobileSafety.dylib",
    "298948": "/Library/MobileSubstrate/DynamicLibraries/YOY.dylib",
    "299028": "/usr/libexec/cydia/startup",
    "299068": "/usr/bin/ecidecid",
    "299268": "/Applications/MobileAnjianEn.app",
    "299348": "/private/var/cache/apt/",
    "299908": "/usr/lib/ABDYLD.dylib",
    "299988": "/etc/apt/sources.list.d/electra.list",
    "300108": "/usr/lib/libjailbreak.dylib",
    "300148": "/jb/lzma",
    "300268": "/jb/offsets.plist",
    "300428": "/jb/jailbreakd.plist",
    "300668": "/private/var/apt",
    "300748": "/private/var/master.passwd",
    "301068": "/private/var/lib/apt/",
    "301348": "/var/mobile/Library/Filza",
    "301428": "/var/mobile/Library/Caches/com.tigisoftware.Filza",
    "301988": "/var/mobile/Library/HTTPStorages/ws.hbang.Terminal",
    "302308": "/Library/MobileSubstrate/CydiaSubstrate.dylib",
    "302388": "/var/mobile/Library/Preferences/org.coolstar.SileoStore.plist",
    "302468": "/var/mobile/Library/Application Support/Containers/org.coolstar.SileoStore",
    "302668": "/Library/PreferenceBundles/LibertyPref.bundle",
    "302748": "/Library/PreferenceBundles/ABypassPrefs.bundle",
    "302908": "/Library/PreferenceBundles/libhbangprefs.bundle",
    "303028": "/usr/lib/TweakInject",
    "303148": "/var/mobile/Library/Application Support/Containers/xyz.willy.Zebra",
    "303228": "/var/mobile/Library/Saved Application State/xyz.willy.Zebra.savedState",
    "303268": "/var/mobile/Library/HTTPStorages/xyz.willy.Zebra",
    "303348": "/var/mobile/Library/SplashBoard/Snapshots/xyz.willy.Zebra",
    "303428": "/Library/BawAppie/ABypass",
    "303508": "/Library/MobileSubstrate/DynamicLibraries/PreferenceLoader.plist",
    "303668": "/var/mobile/Library/Preferences/ru.domo.cocoatop64.plist",
    "303708": "/var/mobile/Library/SplashBoard/Snapshots/ru.domo.cocoatop64",
    "303748": "apt",
    "303828": "bzip2",
    "303948": "etc",
    "304068": "Lib",
    "304108": "libexec",
    "304148": "Library",
    "304388": "sh",
    "304628": "usr",
    "304668": "zlogin",
    "304748": "zprofile",
    "304868": "master.passwd",
    "304988": "SSLKillSwitch.dylib",
    "305028": "MobileSubstrate.dylib",
    "305108": "libsubstitute.dylib",
    "305228": "CydiaSubstrate",
    "305268": "tweakloader.dylib",
    "305348": "RocketBootstrap",
    "305428": "SubstrateBootstrap",
    "305628": "Shadow",
    "305708": "frida",
    "323748": "cydia://",
    "323868": "zbra://",
    "323948": "undecimus://",
    "323988": "postbox://",
    "324108": "MSFindSymbol",
    "324188": "MSHookFunction",
    "324228": "MSHookMessageEx",
    "324308": "HOOK_PIERCE_dlsym",
    "324348": "HOOK_PIERCE_opendir",
    "324468": "/private/var/db/systemstats/last_boot_uuid",
    "324508": "r",
    "325704": "127.0.0.1",
    "327508": "%s/.%u",
    "330028": "%s/%s/%s%s",
    "342004": "ws.hbang.Terminal",
    "342044": "xyz.willy.Zebra",
    "342204": ".plist",
    "342244": "Library/Application Support/Containers",
    "342284": "Library/SplashBoard/Snapshots",
    "342444": "Library/WebKit",
    "342484": "Library/Cookies",
    "342524": ".binarycookies",
    "342564": "Library/HTTPStorages",
    "342604": "Library/Filza",
    "345016": "/private/preboot",
    "346744": "/var/%s",
    "355928": "/usr/lib/libsubstitute.dylib",
    "356088": "/usr/lib/librocketbootstrap.dylib",
    "356128": "/usr/lib/substrate/SubstrateLoader.dylib",
    "356328": " /Library/Frameworks/CydiaSubstrate.framework",
    "356608": "/Library/LaunchDaemons/re.frida.server.plist",
    "356688": "/Library/dpkg/info/re.frida.server.list",
    "356728": "/Library/dpkg/info/re.frida.server.prerm",
    "356768": "/Library/dpkg/info/re.frida.server.md5sums",
    "360960": "127.0.0.1",
    "366824": "HTTPProxy",
    "366864": "HTTPSProxy",
    "377780": "HOOK_PIERCE_objc_lookUpClass",
    "384448": "HOOK_PIERCE_dyld_get_image_name",
    "393376": "P",
    "399820": "UploadUserData",
    "402544": "UploadDeviceData",
    "414120": "508",
    "414280": "success",
    "414320": "|",
    "414400": "127.0.0.1",
    "416044": "mqq://",
    "416244": "imeituan://",
    "416524": "tmri12123://",
    "416604": "pinduoduo://",
    "416644": "openjd://",
    "416684": "wb3455575248://",
    "416764": "1",
    "493848": "#",
    "522280": "Intl",
    "522320": "sh",
    "522360": "hs",
    "522400": "sg",
    "522440": "gs",
    "523112": "PREID.1",
    "523352": "I4",
    "523392": "%04X%04X",
    "529184": "</Code>",
    "529304": "AppKey",
    "529384": "CustomUrl",
    "534084": "P",
    "534124": ".",
    "545356": "1",
    "546920": "HOOK_PIERCE_dladdr",
    "547080": "HOOK_PIERCE_objc_lookUpClass",
    "547120": "HOOK_PIERCE_objc_getMetaClass",
    "547320": "HOOK_PIERCE_dyld_image_count",
    "549496": "/Applications/TouchElf.app",
    "549656": "/Applications/AutoTouch.app",
    "549696": "/Applications/WinterBoard.app",
    "549896": "/Applications/XGen.app",
    "550176": "/Applications/rwxSaojie.app",
    "550256": "/Applications/Sileo.app",
    "550296": "/Applications/Zebra.app",
    "550336": "/Applications/FakeCarrier.app",
    "550376": "/Applications/Filza.app",
    "550456": "/Applications/IntelliScreen.app",
    "550576": "/Applications/Snoop-itConfig.app",
    "550616": "/Applications/blackra1n.app",
    "550896": "/Library/MobileSubstrate",
    "550936": "/Library/MobileSubstrate/DynamicLibraries/LiveClock.plist",
    "551216": "/bin/bash",
    "551336": "/private/etc/apt",
    "551376": "/private/etc/apt/preferences.d/checkra1n",
    "551416": "/private/etc/apt/preferences.d/cydia",
    "551536": "/private/var/lib/apt",
    "551576": "/private/var/lib/cydia",
    "551656": "/private/var/stash",
    "551776": "/usr/bin/ssh",
    "551816": "/usr/lib/libcycript.dylib",
    "551936": "/usr/libexec/ssh-keysign",
    "551976": "/usr/local/bin/cycript",
    "552056": "/usr/sbin/sshd",
    "552256": "/Applications/RockApp.app",
    "552296": "/bin/sh",
    "552336": "/bin/su",
    "552416": "/private/var/mobile/Library/SBSettings/Themes",
    "552496": "/var/cache/apt",
    "552576": "/var/mobile/Media/.evasi0n7_installed",
    "552696": "/Applications/RST.app",
    "553136": "/Applications/OTRLocation.app",
    "553176": "/Applications/anylocation.app",
    "553256": "/Applications/007gaiji.app",
    "553576": "/Library/MobileSubstrate/DynamicLibraries/YOY.plist",
    "553616": "/Library/MobileSubstrate/DynamicLibraries/CameraFake.dylib",
    "553656": "/Library/MobileSubstrate/DynamicLibraries/rstweak.dylib",
    "553776": "/usr/libexec/cydia/startup",
    "553856": "/Library/Frameworks/CydiaSubstrate.framework",
    "553936": "/Applications/TouchSpriteENT.app",
    "553976": "/Applications/MobileAnjianEn.app",
    "562004": "|",
    "562084": "UploadDeviceData",
    "567892": "HOOK_PIERCE_dladdr",
    "568940": "HOOK_PIERCE_NSClassFromString",
    "568980": "HOOK_PIERCE_class_getMethodImplementation",
    "570472": "tun",
    "614096": "HOOK_PIERCE_statfs",
    "614256": "@",
    "614336": "false",
    "614376": "%d@%d@%d@%d@%lld@%ld@%ld@%ld@%ld@%lld|",
    "618996": "%ld-%ld",
    "619036": "pdp_ip0",
    "619196": "10:41:32",
    "619436": "HOOK_PIERCE_getenv",
    "619516": "NONE",
    "619556": "WIFI",
    "619756": "/Applications",
    "619836": "/etc/fstab",
    "620908": "^!*'();:@&=+$,/?%#[]",
    "622440": "%2A",
    "622480": "%7E",
    "626092": "/",
    "651544": "AccessKeyId",
    "651624": "XML",
    "651664": "SignatureMethod",
    "651704": "HMAC-SHA1",
    "651744": "Timestamp",
    "651824": "SignatureVersion",
    "651944": "Version",
    "651984": "2020-04-25",
    "652264": "Flag",
    "652304": "Signature",
    "652344": "Switch_Url_Key",
    "652464": "ap-southeast-1.device.saf.aliyuncs.com",
    "652504": "ap-southeast-1-dualstack.device.saf.aliyuncs.com",
    "652584": "https://cloudauth-device-dualstack.ap-southeast-1.aliyuncs.com",
    "652704": "Singapore Area",
    "652744": "dwz3UmEm1UX8IQLBXwd3J1lAZPfpNB",
    "652864": "cn-shanghai.device.saf.aliyuncs.com",
    "652904": "cn-shanghai-dualstack.device.saf.aliyuncs.com",
    "652984": "https://cloudauth-device-dualstack.cn-shanghai.aliyuncs.com",
    "653184": "host",
    "653224": "Content-Type",
    "653264": "application/x-www-form-urlencoded",
    "653344": "v32@?0@\"NSData\"8@\"NSURLResponse\"16@\"NSError\"24",
    "653384": "network error",
    "658672": "O",
    "659992": "0",
    "660032": "InitDeviceConfig",
    "678068": "|",
    "678308": "00/00/00 00:00",
    "678348": "DTSDKName",
    "678508": "CFBundleName",
    "688884": "7849478494",
    "689496": "%s",
    "689536": "deviceiOSUUEx2",
    "689864": "defaultUUIDValue",
    "719736": "kern.maxfilesperproc",
    "719856": "kern.hostname",
    "719936": "hw.physmem",
    "719976": "hw.pagesize",
    "720016": "hw.byteorder",
    "720056": "hw.cputhreadtype",
    "720136": "hw.cputype",
    "720416": "hw.activecpu",
    "720576": "0",
    "720696": "%@",
    "720816": "%d",
    "40612": "HOOK_PIERCE_dyld_image_count",
    "40692": "HOOK_PIERCE_dyld_get_image_header",
    "43248": "__cstring",
    "43476": "__TEXT",
    "50020": "|true|",
    "57236": "0",
    "79196": "/System/Library/Extensions/",
    "79276": "/System/Library/Frameworks/",
    "79316": "F",
    "79476": "A",
    "79596": "/usr/lib/system/",
    "79676": "/usr/lib/",
    "91532": "504",
    "189560": "NSString",
    "189760": "fileExistsAtPath:",
    "189840": "removeItemAtPath:",
    "190040": "initWithContentsOfURL:",
    "190080": "dataWithContentsOfFile:",
    "190120": "dataWithContentsOfURL:",
    "190160": "dataWithContentsOfFile:options:error:",
    "190200": "dataWithContentsOfURL:options:error:",
    "190320": "fileHandleForReadingFromURL:error:",
    "190440": "NSBundle",
    "190600": "initWithPath:",
    "190640": "NSMutableArray",
    "190800": "dictionaryWithContentsOfURL:",
    "190840": "initWithContentsOfFile:encoding:error:",
    "191200": "NSDictionary",
    "191360": "setDelegate:",
    "191440": "altitude",
    "191480": "coordinate",
    "191520": "UIDevice",
    "202392": "/System/Applications",
    "202472": "~/Applications",
    "202512": "#",
    "202792": "..",
    "204296": "daye,raolewoba!",
    "211196": "_ERR_",
    "213176": "%u",
    "213520": "%ld",
    "227156": "%02x",
    "230780": "SIMULATOR_DEVICE_NAME",
    "230976": "0",
    "252156": "</Code>",
    "252196": "<interval>",
    "252356": "v8@?0",
    "266252": "#",
    "266332": "I20200324",
    "266452": "Type",
    "266612": "GatherCost",
    "293776": "true",
    "293856": "|",
    "294548": "/Applications/Cydia.app",
    "294628": "/Applications/TouchSprite.app",
    "294668": "/Applications/MobileAnjian.app",
    "294828": "/Applications/SBSettings.app",
    "294948": "/Applications/ALS.app",
    "295028": "/Applications/iGrimace.app",
    "295148": "/Applications/Forge.app",
    "295308": "/Applications/rwx.app",
    "295508": "/Applications/FlyJB.app",
    "295588": "/Applications/MTerminal.app",
    "295788": "/Library/LaunchDaemons/com.saurik.Cydia.Startup.plist",
    "295828": "/Library/LaunchDaemons/com.tigisoftware.filza.helper.plist",
    "295868": "/Library/LaunchDaemons/com.rpetrich.rocketbootstrapd.plist",
    "295908": "/Library/LaunchDaemons/dhpdaemon.plist",
    "295948": "/Library/LaunchDaemons/re.frida.server.plist",
    "296068": "/usr/lib/libsubstitute.dylib",
    "296188": "/usr/lib/substitute-loader.dylib",
    "296348": "/Library/MobileSubstrate/MobileSubstrate.dylib",
    "296388": "/Library/MobileSubstrate/DynamicLibraries/LiveClock.plist",
    "296548": "/User/Applications/",
    "296588": "/bin.sh",
    "296948": "/private/var/lib/apt",
    "297108": "/private/var/tmp/cydia.log",
    "297188": "/usr/bin/ssh",
    "297228": "/usr/lib/libcycript.dylib",
    "297268": "/usr/libexec/cydia/",
    "297708": "/bin/sh",
    "297748": "/bin/su",
    "297908": "/var/cache/apt",
    "297948": "/var/log/syslog",
    "298028": "/var/tmp/cydia.log",
    "298148": "/Applications/Forge9.app",
    "298188": "/Applications/GFaker.app",
    "298588": "/Applications/anylocation.app",
    "298628": "/Applications/xGPS.app",
    "298788": "/Applications/zorro.app",
    "298828": "/Library/MobileSubstrate/DynamicLibraries/AXJ.plist",
    "299108": "/Library/Frameworks/CydiaSubstrate.framework",
    "299148": "/etc/alternatives/",
    "299548": "/var/stash/",
    "299668": "/Library/MobileSubstrate/DynamicLibraries/",
    "299788": "/usr/lib/acore/libcore.odsld.dylib",
    "299868": "/var/mobile/Library/Preferences/ABPattern",
    "300068": "/.bootstrapped_electra",
    "300188": "/.cydia_no_stash",
    "300468": "/jb/amfid_payload.dylib",
    "300628": "/var/log/apt",
    "300708": "/private/var/ssh",
    "300788": "/private/var/zlogin",
    "300988": "/private/var/zshenv",
    "301108": "/private/var/log/syslog",
    "301228": "/var/mobile/Library/Saved Application State/com.tigisoftware.Filza.savedState",
    "301268": "/var/mobile/Library/HTTPStorages/com.tigisoftware.Filza",
    "301388": "/var/mobile/Library/Preferences/com.tigisoftware.Filza.plist",
    "301548": "/var/mobile/Library/Flex3",
    "301588": "/var/mobile/Library/UserConfigurationProfiles/PublicInfo/Flex3Patches.plist",
    "301628": "/Applications/NewTerm.app",
    "301668": "/var/root/.bash_history",
    "301708": "/var/root/Library/Caches/shshd",
    "301748": "/var/root/Library/HTTPStorages/shshd",
    "301788": "/var/mobile/.ekenablelogging",
    "301908": "/var/mobile/Library/Preferences/ws.hbang.Terminal.plist",
    "302108": "/var/mobile/Library/Caches/Cephei",
    "302268": "/var/mobile/Library/SplashBoard/Snapshots/com.xina.jailbreak",
    "302348": "/var/mobile/Library/Sileo",
    "302428": "/var/mobile/Library/HTTPStorages/org.coolstar.SileoStore",
    "302548": "/var/mobile/Library/SplashBoard/Snapshots/org.coolstar.SileoStore",
    "302788": "/Library/PreferenceBundles/FlyJBPrefs.bundle",
    "302868": "/Library/PreferenceBundles/SubstitutePrefs.bundle",
    "302948": "/usr/lib/libhooker.dylib",
    "303068": "/var/binpack/Applications/loader.app",
    "303548": "/Library/MobileSubstrate/DynamicLibraries/PreferenceLoader.dylib",
    "303628": "/var/mobile/Library/Saved Application State/ru.domo.cocoatop64.savedState",
    "303788": "bin",
    "303908": "dpkg",
    "303988": "gzip",
    "304028": "lib",
    "304188": "LIY",
    "304228": "Liy",
    "304308": "profile",
    "304508": "sudo_logsrvd.conf",
    "304708": "zlogout",
    "305068": "TweakInject.dylib",
    "305388": "SubstrateInserter",
    "305468": "ABypass",
    "305508": "FlyJB",
    "305668": "FridaGadget",
    "323828": "sileo://",
    "324028": "DobbyHook",
    "324068": "LHHookFunctions",
    "324268": "ZzBuildHook",
    "324588": "/private/var/db/systemstats/fseventsd-uuid",
    "327468": "/var/mobile",
    "342164": "Library/Preferences",
    "342324": "Library/Caches",
    "342364": "Library/Saved Application State",
    "345096": "/private/preboot/jb",
    "355888": "/Library/MobileSubstrate/DynamicLibraries",
    "355968": "/usr/lib/libsubstitute.0.dylib",
    "356008": "/usr/lib/substitute-inserter.dylib",
    "356168": "/usr/lib/substrate/SubstrateInserter.dylib",
    "356288": "/usr/lib/libsubstrate.dylib",
    "356368": "/MobileSubstrate",
    "356488": "/usr/sbin/frida-server",
    "356648": "/Library/dpkg/info/re.frida.server.extrainst_",
    "363520": "/",
    "370672": "%s#%@#%@#%@#%@#%ld",
    "370712": "days",
    "377740": "HOOK_PIERCE_objc_getClass",
    "377820": "HOOK_PIERCE_objc_getMetaClass",
    "384408": "HOOK_PIERCE_dyld_image_count",
    "388552": "HOOK_PIERCE_objc_copyImageNames",
    "388828": "",
    "393336": "allocator<T>::allocate(size_t n) 'n' exceeds maximum supported size",
    "393992": "[+]\u6210\u529f\u7a7f\u900f=>%p, name=%s, trampoline=>%p\n",
    "399780": "511",
    "402504": "501",
    "414080": "#",
    "414160": "UploadDeviceData",
    "414200": "http://127.0.0.1:8100/status",
    "416084": "weixin://",
    "416204": "alipay://",
    "416284": "snssdk141://",
    "416404": "cn.wifi.12306://",
    "416564": "qqmusic://",
    "416724": "%s",
    "416804": "0",
    "493612": "%@#%@",
    "493808": "I",
    "522200": "0",
    "522480": "%s",
    "522688": "defaultSessionId",
    "523072": "SG_PREID.1",
    "523232": "|0|",
    "523432": "v8@?0",
    "529144": "<Code>",
    "529224": "<DeviceConfig>",
    "529344": "IPv6",
    "529424": "CustomHost",
    "534004": "I.10036",
    "545316": "0",
    "545396": "Switch_Url_Key",
    "546880": "HOOK_PIERCE_getenv",
    "546960": "HOOK_PIERCE_statfs",
    "547000": "HOOK_PIERCE_NSClassFromString",
    "547160": "HOOK_PIERCE_opendir",
    "547280": "HOOK_PIERCE_sysctl",
    "547360": "HOOK_PIERCE_dyld_get_image_name",
    "547480": "HOOK_PIERCE_objc_copyClassList",
    "549260": "v8@?0",
    "549456": "/Applications/Cydia.app",
    "549536": "/Applications/TouchSprite.app",
    "549576": "/Applications/MobileAnjian.app",
    "549736": "/Applications/SBSettings.app",
    "549856": "/Applications/ALS.app",
    "549936": "/Applications/iGrimace.app",
    "550056": "/Applications/Forge.app",
    "550216": "/Applications/rwx.app",
    "550416": "/Applications/FlyJB.app",
    "550496": "/Applications/MTerminal.app",
    "550696": "/Library/LaunchDaemons/com.saurik.Cydia.Startup.plist",
    "550736": "/Library/LaunchDaemons/com.tigisoftware.filza.helper.plist",
    "550776": "/Library/LaunchDaemons/com.rpetrich.rocketbootstrapd.plist",
    "550816": "/Library/LaunchDaemons/dhpdaemon.plist",
    "550856": "/Library/LaunchDaemons/re.frida.server.plist",
    "550976": "/Library/MobileSubstrate/DynamicLibraries/Veency.plist",
    "551096": "/System/Library/LaunchDaemons/com.saurik.Cydia.Startup.plist",
    "551256": "/etc/apt",
    "551296": "/etc/ssh/sshd_config",
    "551456": "/private/etc/dpkg/origins/debian",
    "551496": "/private/etc/ssh/sshd_config",
    "551856": "/usr/libexec/cydia/",
    "552016": "/usr/sbin/frida-server",
    "552096": "/var/lib/cydia",
    "552136": "/var/lib/dpkg/info",
    "552176": "/Applications/Icy.app",
    "552616": "/var/tmp/cydia.log",
    "552656": "/Applications/WujiVPN.app",
    "552816": "/Applications/hdfakerset.app",
    "552856": "/Applications/Pranava.app",
    "552936": "/Applications/HiddenApi.app",
    "553056": "/Applications/VPNMasterPro.app",
    "553096": "/Applications/GuizmOVPN.app",
    "553496": "/Library/MobileSubstrate/DynamicLibraries/MobileSafety.plist",
    "553536": "/Library/MobileSubstrate/DynamicLibraries/YOY.dylib",
    "553696": "/Library/MobileSubstrate/DynamicLibraries/rstweak.plist",
    "553736": "/Library/MobileSubstrate/DynamicLibraries/CameraFake.plist",
    "554016": "/Application/RootHide.app",
    "554056": "/Application/Patcher.app",
    "562972": "HOOK_PIERCE_dlsym",
    "567852": "%02X",
    "567932": "|",
    "569596": "HOOK_PIERCE_sysctl",
    "570432": "tap",
    "570512": "ipspec",
    "570552": "ppp",
    "571780": "UploadUserData",
    "613924": "|",
    "613964": ",",
    "614016": "%d",
    "614176": "SSID",
    "614296": "true",
    "618916": "%02X",
    "618956": "HOOK_PIERCE_dladdr",
    "619076": "en",
    "619236": "%f",
    "619276": "|",
    "619396": "substitute",
    "619596": "4G",
    "619676": ",",
    "619716": "/etc/hosts",
    "619796": "%d.%d.%d",
    "620868": "%s",
    "622320": "+",
    "622360": "%20",
    "622520": "~",
    "626052": "POST",
    "636768": "2020-12-24T02:12:15,160Z",
    "637336": "network-default-uuid",
    "651584": "Format",
    "651784": "TimestampKeep",
    "651864": "1.0",
    "652064": "Action",
    "652104": "AlgoType",
    "652144": "I4",
    "652184": "F1",
    "652224": "F2",
    "652384": "https://ap-southeast-1.device.saf.aliyuncs.com",
    "652424": "https://ap-southeast-1-dualstack.device.saf.aliyuncs.com",
    "652784": "https://cn-shanghai.device.saf.aliyuncs.com",
    "652944": "https://cloudauth-device.aliyuncs.com",
    "653024": "cloudauth-device.aliyuncs.com",
    "653064": "cloudauth-device-dualstack.cn-shanghai.aliyuncs.com",
    "653104": "China Area",
    "658432": "#",
    "658552": "AppKey",
    "658712": "S",
    "658752": "GatherCost",
    "678028": "HOOK_PIERCE_dyld_image_count",
    "678108": ",",
    "678228": "SignerIdentity",
    "678268": "embedded.mobileprovision",
    "678428": "CFBundleShortVersionString",
    "678468": "CFBundleDisplayName",
    "678548": "%@-%@",
    "688724": "%d",
    "688764": "%4d",
    "688844": "%@-h-%ld-%@",
    "689576": "deviceiOSUUEx3",
    "689784": "deviceUUID2",
    "719816": "kern.osversion",
    "719896": "hw.usermem",
    "720096": "hw.cpusubtype",
    "720256": "hw.logicalcpu_max",
    "720376": "hw.physicalcpu",
    "720456": "hw.ncpu",
    "720656": "%lld",
    "720736": "Plugined",
    "720776": "UnPlugined",
    "720856": "%d*%d",
    "43288": "|",
    "50060": "|false|",
    "50952": "%d@%d@%d@%lld@%ld@%ld@%ld@%ld@%lld|",
    "79356": "/System/Library/PrivateFrameworks/",
    "79516": "/usr/lib/swift/",
    "79556": "S",
    "79716": "L",
    "91492": "|",
    "91572": "UploadDeviceData",
    "110224": "_mh_execute_header",
    "158344": "allocator<T>::allocate(size_t n) 'n' exceeds maximum supported size",
    "189880": "UIApplication",
    "190000": "initWithContentsOfFile:",
    "190360": "NSURL",
    "190400": "checkResourceIsReachableAndReturnError:",
    "190480": "bundleWithURL:",
    "190520": "bundleWithPath:",
    "190960": "stringWithContentsOfFile:usedEncoding:error:",
    "191040": "nextObject",
    "191080": "NSArray",
    "191240": "writeToURL:error:",
    "191560": "name",
    "191720": "#",
    "202552": "503",
    "213864": "%llu",
    "252236": "</interval>",
    "266372": "AppKey",
    "266412": "Data",
    "266492": "551",
    "266532": "O",
    "267704": "heart_beat_queue",
    "293616": ",",
    "294708": "/Applications/Activator.app",
    "294868": "/Applications/AWZ.app",
    "294908": "/Applications/YOY.app",
    "295068": "/Applications/iGrimaceX9.app",
    "295108": "/Applications/V8E.app",
    "295188": "/Applications/serialudid.app",
    "295228": "/Applications/location360pro.app",
    "295628": "/Applications/SBSetttings.app",
    "295748": "/Library/LaunchDaemons/com.openssh.sshd.plist",
    "296108": "/usr/lib/libsubstitute.0.dylib",
    "296148": "/usr/lib/substitute-inserter.dylib",
    "296228": "/usr/lib/librocketbootstrap.dylib",
    "296268": "/usr/lib/substrate/SubstrateLoader.dylib",
    "296708": "/etc/ssh/sshd_config",
    "296788": "/private/etc/apt/preferences.d/checkra1n",
    "296828": "/private/etc/apt/preferences.d/cydia",
    "296988": "/private/var/lib/cydia",
    "297308": "/usr/libexec/sftp-server",
    "297468": "/usr/sbin/sshd",
    "297548": "/var/lib/dpkg/info",
    "297628": "/Applications/MxTube.app",
    "297828": "/private/var/mobile/Library/SBSettings/Themes",
    "297868": "/usr/bin/sshd",
    "297988": "/var/mobile/Media/.evasi0n7_installed",
    "298068": "/Applications/WujiVPN.app",
    "298108": "/Applications/RST.app",
    "298308": "/Applications/iG.app",
    "298388": "/Applications/Xgen.app",
    "298428": "/Applications/BirdFaker9.app",
    "298468": "/Applications/VPNMasterPro.app",
    "298508": "/Applications/GuizmOVPN.app",
    "298548": "/Applications/OTRLocation.app",
    "298908": "/Library/MobileSubstrate/DynamicLibraries/MobileSafety.plist",
    "298988": "/Library/MobileSubstrate/DynamicLibraries/YOY.plist",
    "299188": "/Applications/NiaoRenHelper.app",
    "299228": "/Applications/TouchSpriteENT.app",
    "299308": "/var/lib/apt/",
    "299388": "/var/cache/apt/",
    "299428": "/private/var/lib/cydia/",
    "299468": "/var/lib/cydia/",
    "299508": "/private/var/stash/",
    "299588": "/etc/apt/",
    "299628": "/Library/MobileSubstrate/",
    "299708": "/Library/dpkg/",
    "299748": "/usr/bin/cynject",
    "299828": "/usr/lib/acore/libodsp2.dylib",
    "299948": "/usr/lib/ABSubLoader.dylib",
    "300028": "/etc/apt/sources.list.d/sileo.sources",
    "300228": "/.installed_unc0ver",
    "300308": "/usr/share/jailbreak/injectme.plist",
    "300348": "/etc/apt/undecimus/undecimus.list",
    "300388": "/var/lib/dpkg/info/mobilesubstrate.md5sums",
    "300508": "/jb/libjailbreak.dylib",
    "300548": "/usr/libexec/cydia/firmware.sh",
    "300588": "/private/var/Users/",
    "300828": "/private/var/sudo_logsrvd.conf",
    "300868": "/private/var/suid_profile",
    "300908": "/private/var/zlogout",
    "300948": "/private/var/zprofile",
    "301028": "/private/var/zshrc",
    "301148": "/Applications/iFile.app",
    "301188": "/var/mobile/Library/Application Support/Containers/com.tigisoftware.Filza",
    "301308": "/var/mobile/Library/SplashBoard/Snapshots/com.tigisoftware.Filza",
    "301468": "/Applications/Flex3.app",
    "301508": "/var/mobile/Library/Cookies/com.johncoates.Flex.binarycookies",
    "301828": "/var/mobile/.eksafemode",
    "301868": "/var/root/Library/Preferences/ws.hbang.Terminal.plist",
    "301948": "/var/mobile/Library/Saved Application State/ws.hbang.Terminal.savedState",
    "302028": "/var/mobile/Library/SplashBoard/Snapshots/ws.hbang.Terminal",
    "302068": "/var/mobile/Library/Caches/ws.hbang.Terminal",
    "302148": "/var/root/Library/Preferences/com.xina.jailbreak.plist",
    "302188": "/var/root/Library/Preferences/com.xina.blacklist.plist",
    "302228": "/var/mobile/Library/Preferences/com.xina.jailbreak.plist",
    "302508": "/var/mobile/Library/Saved Application State/org.coolstar.SileoStore.savedState",
    "302588": "/var/mobile/Library/Caches/org.coolstar.SileoStore",
    "302628": "/var/binpack",
    "302708": "/Library/PreferenceBundles/ShadowPreferences.bundle",
    "302828": "/Library/PreferenceBundles/Cephei.bundle",
    "302988": "/usr/lib/substrate",
    "303108": "/var/mobile/Library/Application Support/xyz.willy.Zebra",
    "303188": "/var/mobile/Library/WebKit/xyz.willy.Zebra",
    "303308": "/var/mobile/Library/Preferences/xyz.willy.Zebra.plist",
    "303388": "/var/mobile/Library/Caches/xyz.willy.Zebra",
    "303468": "/Library/MobileSubstrate/DynamicLibraries/SSLKillSwitch2.plist",
    "303588": "/var/mobile/Library/Preferences/me.jjolano.shadow.plist",
    "303868": "cache",
    "304268": "newuser",
    "304348": "sbin",
    "304428": "share",
    "304468": "ssh",
    "304548": "suid_profile",
    "304588": "sy",
    "304788": "zshenv",
    "304828": "zshrc",
    "304908": "SubstrateLoader.dylib",
    "304948": "SSLKillSwitch2.dylib",
    "305148": "substitute-inserter.dylib",
    "305188": "libsubstrate.dylib",
    "305308": "cynject",
    "305548": "Substitute",
    "305588": "AppSyncUnified-FrontBoard.dylib",
    "323412": "v8@?0",
    "323708": "activator://",
    "323788": "filza://",
    "323908": "xina://",
    "324148": "MSGetImageByName",
    "324388": "/private/var/logs",
    "324428": "HOOK_PIERCE_fopen",
    "324548": "/private/var/db/systemstats/current_boot_uuid",
    "341844": "com.xina.jailbreak",
    "341884": "com.opa334.Dopamine",
    "341924": "com.tigisoftware.Filza",
    "341964": "org.coolstar.SileoStore",
    "342084": "shshd",
    "342124": "com.xina.blacklist",
    "342404": ".savedState",
    "342644": "/var/root",
    "345056": "/private/preboot/testfileX",
    "356048": "/usr/lib/substitute-loader.dylib",
    "356208": "/Library/MobileSubstrate/MobileSubstrate.dylib",
    "356248": "/usr/lib/substrate/SubstrateBootstrap.dylib",
    "356408": "/CydiaSubstrate",
    "356448": "libsubstrate.dylib",
    "356528": "/usr/lib/frida/frida-server",
    "356568": "/usr/lib/frida/frida-agent.dylib",
    "363560": ",",
    "370752": "times",
    "371424": "YYYY-MM-dd",
    "377660": "HBPreferences",
    "377700": "_e9987a4",
    "380688": "|",
    "380728": "awdl0",
    "414240": "network error",
    "414360": "v8@?0",
    "416124": "taobao://",
    "416164": "sinaweibo://",
    "416324": "com.jiangjia.gif://",
    "416364": "xhsdiscover://",
    "416444": "tenvideo://",
    "416484": "meituanwaimai://",
    "522240": "1",
    "522992": "SG_NORID.1",
    "523032": "NORID.1",
    "523152": "SG_GRAYID",
    "523192": "GRAYID",
    "523272": "|",
    "523312": "#",
    "529264": "</DeviceConfig>",
    "534044": "S",
    "547040": "HOOK_PIERCE_objc_getClass",
    "547200": "HOOK_PIERCE_fopen",
    "547240": "HOOK_PIERCE_dlsym",
    "547400": "HOOK_PIERCE_dyld_get_image_header",
    "547440": "HOOK_PIERCE_objc_copyImageNames",
    "547520": "HOOK_PIERCE_NSStringFromClass",
    "547560": "HOOK_PIERCE_class_getMethodImplementation",
    "549616": "/Applications/Activator.app",
    "549776": "/Applications/AWZ.app",
    "549816": "/Applications/YOY.app",
    "549976": "/Applications/iGrimaceX9.app",
    "550016": "/Applications/V8E.app",
    "550096": "/Applications/serialudid.app",
    "550136": "/Applications/location360pro.app",
    "550536": "/Applications/SBSetttings.app",
    "550656": "/Library/LaunchDaemons/com.openssh.sshd.plist",
    "551016": "/Library/MobileSubstrate/MobileSubstrate.dylib",
    "551056": "/System/Library/LaunchDaemons/com.ikey.bbot.plist",
    "551136": "/User/Applications/",
    "551176": "/bin.sh",
    "551616": "/private/var/mobileLibrary/SBSettingsThemes/",
    "551696": "/private/var/tmp/cydia.log",
    "551736": "/usr/bin/cycript",
    "551896": "/usr/libexec/sftp-server",
    "552216": "/Applications/MxTube.app",
    "552376": "/pguntether",
    "552456": "/usr/bin/sshd",
    "552536": "/var/log/syslog",
    "552736": "/Applications/Forge9.app",
    "552776": "/Applications/GFaker.app",
    "552896": "/Applications/iG.app",
    "552976": "/Applications/Xgen.app",
    "553016": "/Applications/BirdFaker9.app",
    "553216": "/Applications/xGPS.app",
    "553296": "/Applications/AXJ.app",
    "553336": "/Applications/BirdFaker.app",
    "553376": "/Applications/zorro.app",
    "553416": "/Library/MobileSubstrate/DynamicLibraries/AXJ.plist",
    "553456": "/Library/MobileSubstrate/DynamicLibraries/MobileSafety.dylib",
    "553816": "/usr/bin/ecidecid",
    "553896": "/Applications/NiaoRenHelper.app",
    "554096": "/Applications/tianxiayou.app",
    "554136": "/Applications/TianXiaYou.app",
    "562044": "505",
    "568900": "%s",
    "614056": "%s",
    "614136": "/",
    "614216": "BSSID",
    "619116": "%s %s",
    "619156": "Dec 23 2024",
    "619316": "DYLD_INSERT_LIBRARIES",
    "619356": "_MSSafeMode",
    "619476": "%s=%s",
    "619636": "yyyy-MM-dd HH:mm:ss",
    "622400": "*",
    "625972": "&",
    "626012": "=",
    "636808": "yyyy-MM-dd'T'HH:mm:ss'Z'",
    "636848": "GMT",
    "651464": "s6u+tsu4vK+PkLe7yJKlro+chr3Hjc26",
    "651504": "s6u+tsu5mI2clpSKqqu1x6eWuZiqpq6z",
    "651904": "SignatureNonce",
    "652024": "2020-10-15",
    "652544": "https://cloudauth-device.ap-southeast-1.aliyuncs.com",
    "652624": "cloudauth-device.ap-southeast-1.aliyuncs.com",
    "652664": "cloudauth-device-dualstack.ap-southeast-1.aliyuncs.com",
    "652824": "https://cn-shanghai-dualstack.device.saf.aliyuncs.com",
    "653144": "Y7N3PIJXqtgNBny7bbB6bzybet5ege",
    "653304": "POST",
    "653424": "network unknown error",
    "658472": "AppVersion",
    "658512": "I20200323",
    "658592": "Data",
    "658632": "Type",
    "677948": "HOOK_PIERCE_dyld_get_image_header",
    "677988": "HOOK_PIERCE_dyld_get_image_name",
    "678148": "1",
    "678188": "0",
    "678388": "CFBundleIdentifier",
    "688804": "-",
    "689456": "%X-%X-%X-%X-%X",
    "689824": "deviceUUID3",
    "719776": "security.mac.sandbox.sentinel",
    "720176": "hw.model",
    "720216": "hw.tbfrequency",
    "720296": "hw.logicalcpu",
    "720336": "hw.physicalcpu_max",
    "720496": "%ld",
    "720536": "1",
    "720616": "NoSim"
}